Workbook

Sheet Trades_Internal
A1: Trade ID | B1: Instrument | C1: Trade date | D1: Settlement date | E1: Quantity | F1: Price | G1: Total Amount ($)
A2: TRD-001 | B2: Apple Inc (AAPL) | C2: 46032 | D2: 46091 | E2: 100 | F2: 225 | G2: =E2*F2 -> 22500
A3: TRD-002 | B3: Shell PLC (SHEL) | C3: 46032 | D3: 46091 | E3: 500 | F3: 28 | G3: =E3*F3 -> 14000
A4: TRD-003 | B4: BPN Bond 2028 | C4: 30/09/2026 | D4: 46063 | E4: 50 | F4: 1000 | G4: =E4*F4 -> 50000
A5: TRD-004 | B5: Petrobras (PBR) | C5: 28/09/2026 | D5: 30/09/2026 | E5: 200 | F5: 15 | G5: =E5*F5 -> 3000

Sheet Custodian_Statement
A1: External Ref | B1: Trade ID | C1: Received Qty | D1: Received Amount | E1: Value Date
A2: CUST-991 | B2: TRD-001 | C2: 100 | D2: 22500 | E2: 46091
A3: CUST-992 | B3: TRD-002 | C3: 500 | D3: 13800 | E3: 46091
A4: CUST-993 | B4: TRD-003 | C4: 50 | D4: 50000

Sheet Reconciliation
A1: Trade ID | B1: Internal Amount | C1: Custodian Amount | D1: Variance | E1: Settlement Status
A2: =Trades_Internal!A2 -> TRD-001 | B2: =Trades_Internal!G2 -> 22500 | C2: =SUMIF(Custodian_Statement!B:B, A2, Custodian_Statement!D:D) -> 22500 | D2: =B2-C2 -> 0 | E2: =IF(C2=0, "FAILED_SETTLEMENT", IF(D2=0, "SETTLED", "AMOUNT_MISMATCH")) -> SETTLED
A3: TRD-002 | B3: =Trades_Internal!G3 -> 14000 | C3: =SUMIF(Custodian_Statement!B:B, A3, Custodian_Statement!D:D) -> 13800 | D3: =B3-C3 -> 200 | E3: =IF(C3=0, "FAILED_SETTLEMENT", IF(D3=0, "SETTLED", "AMOUNT_MISMATCH")) -> AMOUNT_MISMATCH
A4: TRD-003 | B4: =Trades_Internal!G4 -> 50000 | C4: =SUMIF(Custodian_Statement!B:B, A4, Custodian_Statement!D:D) -> 50000 | D4: =B4-C4 -> 0 | E4: =IF(C4=0, "FAILED_SETTLEMENT", IF(D4=0, "SETTLED", "AMOUNT_MISMATCH")) -> SETTLED
A5: TRD-004 | B5: =Trades_Internal!G5 -> 3000 | C5: =SUMIF(Custodian_Statement!B:B, A5, Custodian_Statement!D:D) -> 0 | D5: =B5-C5 -> 3000 | E5: =IF(C5=0, "FAILED_SETTLEMENT", IF(D5=0, "SETTLED", "AMOUNT_MISMATCH")) -> FAILED_SETTLEMENT

Sheet Dashboard
A1: Metric | B1: Value
A2: Total Trades | B2: =COUNTA(Reconciliation!A2:A5) -> 4
A3: Settled Trades | B3: =COUNTIF(Reconciliation!E2:E5, "SETTLED") -> 2
A4: Breaks / Failures | B4: =COUNTIF(Reconciliation!E2:E5, "<>SETTLED") -> 2
A5: STP Rate (%) | B5: =B3/B2 -> 0.5
